{
  "created_at": "2026-07-10T14:50:44.143938+00:00",
  "experiment_name": "baseline_finalonly_freeze_qwen25_3b_industrial",
  "model": "Qwen/Qwen2.5-3B",
  "dataset": "Industrial_and_Scientific",
  "checkpoint": "output_dir/qwen25_3b_Industrial_and_Scientific_single5090d_finalonly_sft/final_checkpoint",
  "result_file": "results/a0_finalonly_single5090d/final_result_Industrial_and_Scientific.json",
  "training": {
    "runtime_seconds": 772.5501,
    "steps": 192,
    "train_loss": 4.926515669872363,
    "final_eval_loss": 8.310744285583496,
    "trainable_setting": "A0 final-only; freeze_LLM=True; train new SID token embeddings only"
  },
  "metrics": {
    "records": 4533,
    "beam_count": 20,
    "topks": [
      1,
      3,
      5,
      10,
      20
    ],
    "invalid_prediction_count": 0,
    "hr": {
      "1": 0.0,
      "3": 0.0022060445621001545,
      "5": 0.0033090668431502318,
      "10": 0.0066181336863004635,
      "20": 0.01500110302228105
    },
    "ndcg": {
      "1": 0.0,
      "3": 0.0011896733423151053,
      "5": 0.0016453837523502394,
      "10": 0.002671185528465195,
      "20": 0.004766961844699963
    }
  }
}