{
  "created_at": "2026-07-11T10:07:53.156241+00:00",
  "experiment_name": "d1_pairwise_sidpref_qwen25_3b_industrial",
  "model": "output_dir/qwen25_3b_Industrial_and_Scientific_single5090d_finalonly_sft/final_checkpoint",
  "dataset": "Industrial_and_Scientific",
  "checkpoint": "output_dir/qwen25_3b_Industrial_and_Scientific_d1_pairwise_single5090d/final_checkpoint",
  "result_file": "results/d1_pairwise_single5090d/final_result_Industrial_and_Scientific.json",
  "training": {
    "runtime_seconds": 119.68395686149597,
    "steps": 1024,
    "train_loss": 1.3964805391151458,
    "final_eval_loss": null,
    "trainable_setting": "D1 reference-free pairwise SID preference; base=R0 final-only checkpoint; freeze LLM; train gradient-masked SID token rows; hard negatives by SID prefix"
  },
  "metrics": {
    "records": 4533,
    "beam_count": 20,
    "topks": [
      1,
      3,
      5,
      10,
      20
    ],
    "invalid_prediction_count": 0,
    "hr": {
      "1": 0.0006618133686300463,
      "3": 0.002867857930730201,
      "5": 0.0037502757555702626,
      "10": 0.005294506949040371,
      "20": 0.01544231193470108
    },
    "ndcg": {
      "1": 0.0006618133686300462,
      "3": 0.0017937193367684662,
      "5": 0.0021737560083531942,
      "10": 0.002648134128377469,
      "20": 0.005171908944569732
    }
  }
}