{
  "created_at": "2026-07-10T13:17:01.581922+00:00",
  "experiment_name": "history_recent5_freeze_qwen25_3b_industrial",
  "model": "Qwen/Qwen2.5-3B",
  "dataset": "Industrial_and_Scientific_b1recent5",
  "checkpoint": "output_dir/qwen25_3b_Industrial_and_Scientific_b1recent5_single5090d_finalonly_sft/final_checkpoint",
  "result_file": "results/b1_recent5_single5090d/final_result_Industrial_and_Scientific.json",
  "training": {
    "runtime_seconds": 735.0695,
    "steps": 192,
    "train_loss": 4.93153091520071,
    "final_eval_loss": 8.298267364501953,
    "trainable_setting": "B1 recent-history max_history=5; freeze_LLM=True; train new SID token embeddings only"
  },
  "metrics": {
    "records": 4533,
    "beam_count": 20,
    "topks": [
      1,
      3,
      5,
      10,
      20
    ],
    "invalid_prediction_count": 0,
    "hr": {
      "1": 0.0,
      "3": 0.0017648356496801235,
      "5": 0.0037502757555702626,
      "10": 0.006838738142510479,
      "20": 0.014118685197440988
    },
    "ndcg": {
      "1": 0.0,
      "3": 0.0009979525731934325,
      "5": 0.0018143642253675184,
      "10": 0.002770048647126841,
      "20": 0.004555810768747187
    }
  }
}